name,cake,status
AverageNine5410,Century Cake of Hype,Donated
idk who sold this,Chocolate Century Cake,Sold
IamDevilMC,Cloudy Century Cake,Donated
_m3l,Crab-Colored Century Cake,Sold
_m3l,Undead Century Cake,Sold
ReincarnatedFury,aPunch Century Cake,Owned
7arnavkabra,Sea Emperor Century Cake,Sold
Sushil_gupta,Century Cake of the Next Dungeon Floor,Sold
SoundBaker85210,Latest Update Century Cake,Sold
SoundBaker85210,Potato-Style Century Cake,Sold
tw1st3d,Not-a-lie Century Cake,Donated
rayyanpoyon,Streamer's Century cake,Donated
rayyanpoyon,Barry Century cake,Donated
rayyanpoyon,Pet Rock Century cake,Donated
